﻿"文献番号","出願番号","出願日","公知日","発明の名称","出願人/権利者","FI","要約","公開番号","公告番号","登録番号","審判番号","その他","ステージ","イベント詳細","文献URL"
"実登3239818","実願2022-003080","2022/09/15","2022/11/14","コーヒーグラインダー","創康機械科技股▲ふん▼有限公司","A47J42/38","(57)【要約】      （修正有）
【課題】シャフト組立部材及びハウジングを取り外し、<BR>コーヒー豆を粉砕した後にコーヒーグラインダーを掃除<BR>し、メンテナンスを行うことが容易になる、コーヒーグ<BR>ラインダーを提供する。
【解決手段】ハウジング１１と、シャフト組立部材と、<BR>カバー組立部材２１と、固定部材と、を含んで構成され<BR>るコーヒーグラインダー１であって、シャフト組立部材<BR>はハウジング内に組み立てられ、シャフト組立部材の内<BR>刃ツール１３２及びハウジングの外刃ツール１１３がコ<BR>ーヒーを粉砕する構造として組み立てられた後、固定部<BR>材の構造設計によりシャフト組立部材及びハウジングの<BR>組み立てと固定を簡単に行えるようになる。
【選択図】図２
","","","実登3239818","","","","","https://www.j-platpat.inpit.go.jp/c1800/PU/JP-3239818/03E1837CED25CF65C493E541674B01FC0DF77DD0C26F6510AE44DF93E0D63CAF/25/ja"
"特開2022-144799","特願2021-045964","2021/03/19","2022/10/03","コーヒー豆挽き機","株式会社Ｔｒｅｅ　Ｆｉｅｌｄ,株式会社大都技研","A47J42/06,A47J31/42","(57)【要約】
【課題】コーヒー豆を挽くコーヒー豆挽き機に関し、従<BR>来のコーヒー豆挽き機よりも多くのグラインド処理の要<BR>望に応じやすいコーヒー豆挽き機を提供する。
【解決手段】複数のグラインダ（直列関係の第１グライ<BR>ンダ５Ａおよび第２グラインダ５Ｂあるいは並列関係の<BR>複数の第２グラインダ５Ｂ）を備えたコーヒー豆挽き機<BR>ＧＭであって、コーヒー豆を挽くグラインダを上記複数<BR>のグラインダ５Ａ、５Ｂから選択可能であることを特徴<BR>とする。
【選択図】図４７
","特開2022-144799","","","","","","","https://www.j-platpat.inpit.go.jp/c1800/PU/JP-2022-144799/7F30F6ACA9DEBD466AFAA4A63037E7F64AAE873BAF9666AD064567FA399D9979/11/ja"
"特開2022-144798","特願2021-045963","2021/03/19","2022/10/03","コーヒー豆挽き機","株式会社Ｔｒｅｅ　Ｆｉｅｌｄ,株式会社大都技研","A47J42/06,A47J31/00,302,A47J31/42","(57)【要約】      （修正有）
【課題】コーヒー豆を挽くコーヒー豆挽き機に関し、抽<BR>出効率まで考えたグラインド処理を行うことでコーヒー<BR>飲料の味を向上させることができるコーヒー豆挽き機を<BR>提供する。
【解決手段】コーヒー豆を挽くグラインダと、グライン<BR>ダによってひかれた挽き豆を収容する容器ＰＦｂと、を<BR>備えたコーヒー豆挽き機であって、ユーザによるスター<BR>ト操作に応じて、１セットの挽き動作を実行可能であり<BR>、１セットの挽き動作とは、容器ＰＦｂの第一の領域（<BR>フィルタに相対的に近い領域）に第一の粒度（細かな粒<BR>度）の挽き豆が収容され、容器ＰＦｂの第二の領域（フ<BR>ィルタから相対的に遠い領域）に第二の粒度（粗い粒度<BR>）の挽き豆が収容されるようにコーヒー豆を異なる粒度<BR>に挽く動作のことである。
【選択図】図４６
","特開2022-144798","","","","","","","https://www.j-platpat.inpit.go.jp/c1800/PU/JP-2022-144798/43701F51E7495E3446428BA428DC9617CAFB74E8441859AB4635B0C1A59017D7/11/ja"
"特開2022-144795","特願2021-045960","2021/03/19","2022/10/03","コーヒー豆挽き機","株式会社Ｔｒｅｅ　Ｆｉｅｌｄ,株式会社大都技研","A47J31/42,A47J42/40","(57)【要約】
【課題】コーヒー豆を挽くコーヒー豆挽き機に関し、発<BR>展性に優れたコーヒー豆挽き機を提供する。
【解決手段】コーヒー豆を挽くグラインダ５を備えたコ<BR>ーヒー豆挽き機ＧＭであって、グラインダ５の上流に、<BR>オプション取付部ＧＭ１１を備え、オプション取付部Ｇ<BR>Ｍ１１に、コーヒー豆を貯留可能な貯留ユニット４０１<BR>,４０２を取り付け可能であることを特徴とする。
【選択図】図１８
","特開2022-144795","","","","","","","https://www.j-platpat.inpit.go.jp/c1800/PU/JP-2022-144795/E265D4310445F08BB4FB408C4EC052605DFF7E57974B4722E38D5CE13386339F/11/ja"
"特開2022-144794","特願2021-045959","2021/03/19","2022/10/03","コーヒー豆挽き機","株式会社Ｔｒｅｅ　Ｆｉｅｌｄ,株式会社大都技研","A47J42/40,A47J31/42","(57)【要約】
【課題】コーヒー豆を挽くコーヒー豆挽き機に関し、コ<BR>ーヒー豆の取扱いに特徴をもったコーヒー豆挽き機を提<BR>供する。
【解決手段】コーヒー豆を挽くグラインダ５を備えたコ<BR>ーヒー豆挽き機ＧＭであって、グラインダ５の上流に、<BR>コーヒー豆Ｂを外部に取出可能な取出口ＧＭ２０を備え<BR>たことを特徴とする。
【選択図】図２４
","特開2022-144794","","","","","","","https://www.j-platpat.inpit.go.jp/c1800/PU/JP-2022-144794/58B62EFB872BE07AE5CBC06208A47C21C29F79D3E112BE0D4EBD34DC628B93B9/11/ja"
"特開2022-144793","特願2021-045958","2021/03/19","2022/10/03","コーヒー豆挽き機","株式会社Ｔｒｅｅ　Ｆｉｅｌｄ,株式会社大都技研","A47J42/18,A47J31/42","(57)【要約】      （修正有）
【課題】コーヒー豆を挽くコーヒー豆挽き機に関し、グ<BR>ラインダにおけるコーヒー豆を挽く条件の設定に特徴を<BR>もったコーヒー豆挽き機を提供する。
【解決手段】設定された条件やオーダー情報で指定され<BR>た粒度に応じた刃の間隔と動作時間でコーヒー豆を挽く<BR>グラインダと、条件を設定可能な設定部と、ユーザが操<BR>作可能な手動設定用円盤ダイアル６９５と微調整用ツマ<BR>ミダイアル６９６と、を備えたコーヒー豆挽き機であっ<BR>て、操作部６９５,６９６は、挽き豆の粒度に関する条<BR>件（固定刃と回転刃の間隔）を、操作に応じて変更可能<BR>である。
【選択図】図３６
","特開2022-144793","","","","","","","https://www.j-platpat.inpit.go.jp/c1800/PU/JP-2022-144793/AA67BB010683EA0135E6EBDF71353D7E2918DD6328A55F2240FDE12DBE69B2A8/11/ja"
"特開2022-144792","特願2021-045957","2021/03/19","2022/10/03","コーヒー豆挽き機","株式会社Ｔｒｅｅ　Ｆｉｅｌｄ,株式会社大都技研","A47J31/42,A47J42/06","(57)【要約】      （修正有）
【課題】コーヒー豆を挽くコーヒー豆挽き機に関し、ユ<BR>ーザによる指定を簡単に行うことができるコーヒー豆挽<BR>き機を提供する。
【解決手段】コーヒー豆挽き機ＧＭを制御する制御装置<BR>１１は、ユーザによる指定（オーダー情報）を受け付け<BR>るＩ／Ｆ部１１ｃと、処理部１１ａとを備え、処理部１<BR>１ａは、Ｉ／Ｆ部１１ｃによって受け付けられた指定に<BR>よって、条件を設定可能なものであり、Ｉ／Ｆ部１１ｃ<BR>は、指定を含む信号を通信ネットワーク１５を介して外<BR>部から入力可能である。
【選択図】図１９
","特開2022-144792","","","","","","","https://www.j-platpat.inpit.go.jp/c1800/PU/JP-2022-144792/AC067E28C3417685871A20FFEC9D59CE8A2170B05834301A401B61C2747C81D0/11/ja"
"特開2022-106221","特願2021-001079","2021/01/06","2022/07/19","コーヒー豆挽き機","株式会社Ｔｒｅｅ　Ｆｉｅｌｄ,株式会社大都技研","A47J42/26,A47J31/42,A47J31/00,307","(57)【要約】
【課題】コーヒー豆を挽くコーヒー豆挽き機に関し、よ<BR>り安定した品質の挽き豆や、よりおいしい挽き豆を得る<BR>ことができるコーヒー豆挽き機を提供する。
【解決手段】コーヒー豆を挽くコーヒー豆挽き手段５と<BR>、コーヒー豆挽き手段５を制御する制御手段１１ａと、<BR>コーヒー豆を挽く際のレシピ（グラインドレシピ、飲料<BR>製造レシピ）を記憶する記憶手段１１ｂと、を備えたコ<BR>ーヒー豆挽き機１であって、制御手段１１ａは、記憶手<BR>段１１ｂに記憶されているレシピに基づいて、コーヒー<BR>豆挽き手段５を制御する（コーヒー豆の挽き粒度、粒度<BR>の割合、挽き方（細→粗、粗→細）、コーヒー豆の量、<BR>チャフ除去強さ（チャフの除去率）（％）、図４３（Ｂ<BR>）や同図（ｃ）に示す動作時間の情報（グラインダ５Ｂ<BR>の刃の間隔の変更パターン））。
【選択図】図４０
","特開2022-106221","","","","","","","https://www.j-platpat.inpit.go.jp/c1800/PU/JP-2022-106221/7C8E604433BFEB98A45F2B3332EE1F5F49531F33E92D6FC0639EF7F90551A9BA/11/ja"
"特開2022-103220","特願2022-074025","2022/04/28","2022/07/07","ミル刃の製造方法","ツインバード工業株式会社","B02C7/08,A47J42/20","(57)【要約】
【課題】容易且つ安価に製造することができるミル刃の<BR>製造方法を提供する。
【解決手段】円盤状の円盤体１５０と、この円盤体１５<BR>０の一面側に一体化された円盤状の刃部１５１とを有す<BR>るミル刃の製造方法であって、円盤体１５０に、外周側<BR>ほど細く且つ浅くなる複数の溝部１５３，１５３，１５<BR>３，１５３を形成し、刃部１５１に、溝部１５３，１５<BR>３，１５３，１５３に対応する溝開口部１５５，１５５<BR>，１５５，１５５を形成すると共に、一定厚さの金属板<BR>１５１Ａをプレス加工で打ち抜くことで、溝開口部１５<BR>５を有する刃部１５１を形成した後、プレス加工により<BR>金属板１５１Ａの縁に生じたバリ側の面を平坦に削るこ<BR>とで、溝開口部１５５の縁を鋭利なカッター刃１５７と<BR>することができるので、ミル刃の粉砕性能を高めること<BR>ができるばかりでなく、ミル刃を安価に製造することが<BR>できる。
【選択図】図１５
","特開2022-103220","","特許7326532","","","","","https://www.j-platpat.inpit.go.jp/c1800/PU/JP-2022-103220/3935C7CB3BFFDADF7BB302E30081BC5C38FF736D65BAC941DFEBCE8E9892D40B/11/ja"
"特開2022-089051","特願2020-201272","2020/12/03","2022/06/15","コーヒー豆挽き装置","株式会社Ｔｒｅｅ　Ｆｉｅｌｄ,株式会社大都技研","A47J31/42,G07F13/00@Z","(57)【要約】
【課題】コーヒーの味を楽しむことができるコーヒー豆<BR>挽き装置を提供する。
【解決手段】コーヒー豆を挽くグラインダと、前記グラ<BR>インダを制御する制御装置と、を備えたコーヒー豆挽き<BR>装置であって、前記グラインダは、コーヒー挽き豆を生<BR>成するにあたって設定可能な粒度を複数種類有するもの<BR>であり、前記制御装置は、設定された複数の粒度に従っ<BR>て前記グラインダの設定粒度を変更しつつコーヒー挽き<BR>豆を生成する制御を行うものである、ことを特徴とする<BR>コーヒー豆挽き装置。
【選択図】図１４
","特開2022-089051","","特許7144074","","","","","https://www.j-platpat.inpit.go.jp/c1800/PU/JP-2022-089051/45FF1FBD916ABA3F7E3A7BACA130D0C884FF6C99721F4CC8F6F3DF8C25C277D6/11/ja"
"特開2022-089050","特願2020-201271","2020/12/03","2022/06/15","コーヒー豆挽き装置","株式会社Ｔｒｅｅ　Ｆｉｅｌｄ,株式会社大都技研","A47J31/42,G07F13/00@Z","(57)【要約】
【課題】コーヒーの味を楽しむことができるコーヒー豆<BR>挽き装置を提供する。
【解決手段】コーヒー豆を挽くグラインダと、前記グラ<BR>インダを制御する制御装置と、を備えたコーヒー豆挽き<BR>装置であって、前記制御装置は、設定された粒度分布に<BR>従って前記グラインダを制御可能なものである、ことを<BR>特徴とするコーヒー豆挽き装置。
【選択図】図１４
","特開2022-089050","","特許7144073","","","","","https://www.j-platpat.inpit.go.jp/c1800/PU/JP-2022-089050/A5BC7114BF8F86BC826E33E4F4EFF9439EB91FF017B176273377E4F30E26926D/11/ja"
"特表2022-550801","特願2022-520084","2020/10/02","2021/04/08","温かいミルク含有飲料の調製","フリースランドカンピーナ　ネーデルランド　ベスローテン　フェンノートシャップ","A47J31/44,430","(57)【要約】
  抽出セクション（３）とミルクセクション（２）とを<BR>含むコーヒーマシン（１）内で温かいミルク含有飲料を<BR>調製するためのプロセスであって、ミルクセクション（<BR>２）は、液体ミルク濃縮物供給部（５）と、液体ミルク<BR>濃縮物供給部（５）と流体接続する混合デバイス（６）<BR>とを含む、方法。この方法を実行するためのコーヒーマ<BR>シン（１）。
","特表2022-550801","","","","","","","https://www.j-platpat.inpit.go.jp/c1800/PU/JP-2022-550801/C6B8DC361F4FC1FEFB45F6A94A8D67D38D35896BA8F2FBED1F665A6814AA776E/11/ja"
"特表2022-545827","特願2022-513404","2020/08/10","2021/03/04","グラインダおよびこのようなグラインダを備えたコーヒーメーカー","メリッタ　プロフェッショナル　コーヒー　ソリューションズ　ゲゼルシャフト　ミット　ベシュレンクテル　ハフツング　ウント　コンパニー　コマンディートゲゼルシャフト","A47J42/18,A47J31/18","(57)【要約】
  コーヒー豆（５）を挽砕するためのグラインダ（１）<BR>であって、このグラインダ（１）は、第１の挽砕工具（<BR>２）と第２の挽砕工具（８）とを有しており、これらの<BR>挽砕工具は１つの挽砕間隙（１４）を形成しており、第<BR>２の挽砕工具（８）は第１の挽砕工具（２）に対して回<BR>転可能であって、グラインダ（１）は、コーヒー豆に伝<BR>達することができる調節可能な力Ｆを、第１の挽砕工具<BR>（２）または第２の挽砕工具（８）に付与するための少<BR>なくとも１つの力発生装置（１５）を有している、グラ<BR>インダ（１）；このようなグラインダを備えたコーヒー<BR>メーカー、ならびにこのようなコーヒーメーカーおよび<BR>このようなグラインダによってコーヒーを調製するため<BR>の方法。
","特表2022-545827","","","","","","","https://www.j-platpat.inpit.go.jp/c1800/PU/JP-2022-545827/FBB467BC2C2BEF4CCC34FF874406F060E7503F5B57EBA20FE0786A3F480DB0FD/11/ja"
"特開2020-182908","特願2019-088418","2019/05/08","2020/11/12","ミル装置","ツインバード工業株式会社","B02C7/14,A47J42/20,B02C7/18","(57)【要約】
【課題】コーヒー豆粉砕時の瞬間的な負荷を低く抑える<BR>ことで、騒音や振動の発生を抑えることができるミル装<BR>置を提供する。
【解決手段】複数の溝部１５３，１５３・・・を有する<BR>刃部１５１Ａが設けられた固定刃２４と、複数の溝部１<BR>５３，１５３・・・を有する刃部１５１が設けられた回<BR>転刃２２とを有し、これらの固定刃２４と回転刃２２の<BR>刃部１５１，１５１Ａ同士が対向した状態で、回転刃２<BR>２が固定刃２４に対し回転するミル装置２０において、<BR>固定刃２４の溝部１５３の周方向間隔と、回転刃２２の<BR>溝部１５３の周方向間隔とを違えたものであるから、コ<BR>ーヒー豆の粉砕タイミングをずらして固定刃２４及び回<BR>転刃２２に加わる瞬間的な負荷を低減させることができ<BR>るので、ミル装置２０の振動及び騒音を低減させること<BR>ができる。
【選択図】図１９
","特開2020-182908","","特許7296775","","","","","https://www.j-platpat.inpit.go.jp/c1800/PU/JP-2020-182908/C358F1E15FA8F3BAF586716B139640F75C1B4E3689C1FF37A24F5A312F2C3C09/11/ja"
"特表2022-533014","特願2021-564339","2020/04/28","2020/11/05","ジュース又は植物性ミルクを作るための遠心飲料メーカー","デロンギ・ブラウン・ハウスホールド・ゲーエムベーハー","A47J43/044,A47J43/07,A23L11/00@Z","(57)【要約】
  豆乳メーカーは、大豆を受容するためのフィルタ、駆<BR>動部、粉砕工具及びジャグを有している。フィルタはジ<BR>ャグ内に配置されており、粉砕工具のフィルタ内への挿<BR>入を可能にする。駆動部は、第１のステップにおいて粉<BR>砕工具を駆動し、大豆は、粉砕工具を用いてフィルタ内<BR>で粉砕され、大豆から、豆乳と残留材料とが生成される<BR>。第２のステップにおいて、駆動部はフィルタを回転さ<BR>せる。フィルタは、大豆の粉砕の後に回転し、液体の豆<BR>乳を遠心力によって、残存する残留材料から分離する。
","特表2022-533014","","","","","","","https://www.j-platpat.inpit.go.jp/c1800/PU/JP-2022-533014/C916B27D2686EA5A81E31A3D46B33BD6C01FE42D9BBD22BDA94896D50995CE03/11/ja"
"特表2021-528140","特願2020-570108","2019/06/27","2020/01/02","グラインダ、コーヒーマシン、およびコーヒー豆を挽くための方法","メリッタ　プロフェッショナル　コーヒー　ソリューションズ　ゲゼルシャフト　ミット　ベシュレンクテル　ハフツング　ウント　コンパニー　コマンディートゲゼルシャフト","A47J42/18,B26D3/26,602@A,B26D3/26,602@J,B26D3/26,602@F,A47J42/16,A47J31/42","(57)【要約】
  本発明は、コーヒー豆（５）を挽くためのグラインダ<BR>（１）であって、グラインダ（１）は、第１の挽砕工具<BR>（２）および第２の挽砕工具（８）を有していて、両挽<BR>砕工具（２，８）は挽砕間隙（１４）を形成しており、<BR>第２の挽砕工具（８）は、第１の挽砕工具（２）に対し<BR>て相対的に回転可能である、グラインダ（１）において<BR>、グラインダ（１）は、作動中にも調節可能でコーヒー<BR>豆に伝達可能な力Ｆを第１の挽砕工具（２）または第２<BR>の挽砕工具（８）に加えるために、少なくとも１つの力<BR>発生装置（１５）を有している、グラインダ（１）、な<BR>らびにカフェイン含有の高温飲料を淹れる目的でコーヒ<BR>ー豆を挽くための方法に関する。
","特表2021-528140","","特許7337854","","","","","https://www.j-platpat.inpit.go.jp/c1800/PU/JP-2021-528140/3AB2BC61D69C28EF919731D8CEA0E583037793F3114329DC331C675864028F91/11/ja"
"特許6624667","特願2019-550875","2019/04/26","2019/12/25","臼体及びミル装置","ジャパンポーレックス株式会社","A47J42/22","(57)【要約】
  臼体は内臼部（２０）と外臼部（３０）を備え、外臼<BR>部（３０）の内側面
には、第２の入口凹部（３３）と第２の入口凸部（３４<BR>）が形成される。第
２の入口凹部（３３）は、その面積において互いに異な<BR>る３つの入口凹部を一群とし、この群が繰り返される。<BR>第２の入口大凹部（３３Ａ）に隣接して第２の入口中凹<BR>部（３３Ｂ）が配置され、第２の入口中凹部（３３Ｂ）<BR>に隣接して第２の入口小凹部（３３Ｃ）が配置され、さ<BR>らに第２の入口小凹部（３３Ｃ）に隣接して第２の入口<BR>大凹部（３３Ａ）が配置され、この配置が繰り返される<BR>。第２の入口凸部（３４）は、その凸部角度において互<BR>いに異なる３つの入口凸部を一群とし、この群が繰り返<BR>されて構成される。第２の入口小凸部（３４Ａ）に隣接<BR>して第２の入口中凸部（３４Ｂ）が配置されており、第<BR>２の入口中凸部（３４Ｂ）に隣接して第２の入口大凸部<BR>（３４Ｃ）が配置されており、さらに第２の入口大凸部<BR>（３４Ｃ）に隣接して第２の入口小凸部（３４Ａ）が配<BR>置されており、この配置が繰り返される。
","WO2020/217500","","特許6624667","","再表2020/217500","特許 有効","年金の支払い","https://www.j-platpat.inpit.go.jp/c1800/PU/JP-6624667/5CFAED92F44E5E4927DB436EB4068CCBEB843DB40E2851F8AB29EF8921797154/15/ja"
"特開2019-122654","特願2018-006356","2018/01/18","2019/07/25","ミルクフォーマ","パナソニックＩＰマネジメント株式会社","A47J31/44,420,A47J31/41","(57)【要約】      （修正有）
【課題】ミルク提供後にミルク流路内にミルクが残りに<BR>くいミルクフォーマを提供する。
【解決手段】ギヤポンプ１０９は、外部からの駆動力に<BR>よって回転する駆動ギヤ５０４と、駆動ギヤ５０４と噛<BR>み合わされて従動回転する従動ギヤ５０５と、駆動ギヤ<BR>５０４および従動ギヤ５０５を互いに噛み合わせた状態<BR>で収容する本体ケース５０１（ケース）と、を備え、本<BR>体ケース５０１は、駆動ギヤ５０４の駆動軸５０６（回<BR>転軸）に対して垂直な平面において、駆動ギヤ５０４お<BR>よび従動ギヤ５０５の歯先円に沿うように内壁面が形成<BR>されており、内壁面の一部は、駆動ギヤ５０４の歯先円<BR>と従動ギヤ５０５の歯先円の共通外接線よりも駆動軸５<BR>０６に近い側となるように形成されている。
【選択図】図７
","特開2019-122654","","特許6975900","","","","","https://www.j-platpat.inpit.go.jp/c1800/PU/JP-2019-122654/ACB6FD913E611B66B83D930C01689C711923E12704E12E72F3238E8087830D32/11/ja"
"特開2019-122653","特願2018-006351","2018/01/18","2019/07/25","ミルクフォーマ","パナソニックＩＰマネジメント株式会社","A47J31/44,420,A47J31/41,A47J31/00,302","(57)【要約】      （修正有）
【課題】ミルク供給後にミルク流路内のミルクを好適に<BR>排出することができるミルクフォーマを提供する。
【解決手段】制御部は、ピンチバルブ１１６が開いた状<BR>態でギヤポンプ１０９、またはギヤポンプ１０９および<BR>エアポンプ１０１を駆動させてミルクを移送するミルク<BR>移送制御の後に、ピンチバルブ１１６が開いた状態でギ<BR>ヤポンプ１０９を停止させエアポンプ１０１を駆動させ<BR>て、ミルクパックとギヤポンプ１０９とを接続するミル<BR>ク供給管（ミルク流路）およびギヤポンプ１０９内のミ<BR>ルクをミルクパックへ戻す戻し制御を行い、戻し制御の<BR>後にピンチバルブ１１６を閉じ、湯ポンプ１０３および<BR>ギヤポンプ１０９を駆動させてギヤポンプ１０９内を湯<BR>で洗浄する洗浄制御を行う。
【選択図】図９
","特開2019-122653","","特許6975899","","","","","https://www.j-platpat.inpit.go.jp/c1800/PU/JP-2019-122653/B4C24CAA4B8EC3BF519188A91777CF877169CD562C2D42CEBF49CCEEB517382C/11/ja"
"特開2019-115869","特願2017-249735","2017/12/26","2019/07/18","ミル刃及びミル装置","ツインバード工業株式会社","B02C7/08,A47J42/20","(57)【要約】
【課題】安価な構成で清浄にすることができるミル刃及<BR>びミル装置を提供する。
【解決手段】円盤状の円盤体１５０と、この円盤体１５<BR>０の一面側に一体化された円盤状の刃部１５１とを有し<BR>、前記円盤体１５０が、外周側ほど細く且つ浅くなるよ<BR>うに形成された複数の溝部１５３，１５３，１５３，１<BR>５３からなる溝部群１５４を有し、前記刃部１５１が、<BR>前記溝部１５３に沿って形成された前側湾曲縁部１５６<BR>及びカッター刃１５７を有すると共に、前記刃部１５１<BR>が、前記円盤体１５０を構成する材質よりも硬度が高い<BR>材質によって構成される。前記刃部１５１のみを硬い材<BR>質とし、前記円盤体１５０を加工の容易な材質で構成す<BR>ることが可能となるので、安価に構成することができる<BR>。
【選択図】図１５
","特開2019-115869","","特許7199145","","","","","https://www.j-platpat.inpit.go.jp/c1800/PU/JP-2019-115869/A3ACAECE7176D61515E287EAD740E2CCDD494EF6BF933FC7D73FAC64CF7B5FBB/11/ja"
"特開2019-051358","特願2018-220093","2018/11/26","2019/04/04","エスプレッソミルク泡立て器","パートン，ウィリアム　ウェストモア","A47J31/44,420","(57)【要約】      （修正有）
【課題】ミルク泡立て装置において、高品質のエスプレ<BR>ッソミルクを作る手段を提供する一方で、バリスタの生<BR>産性を向上する。
【解決手段】ミルク泡立て装置において、蒸気プローブ<BR>またはジャグ支持部は、ステッピングモータによって可<BR>動に駆動されて、ミルクの表面下にプローブの先端を維<BR>持する。温度センサはジャグ内のミルクの温度を監視す<BR>る。マイクロコントローラは、工程を開始し、ミルクの<BR>表面に対して蒸気プローブの位置を維持し、ミルクが所<BR>望の温度に達すると工程を停止し、サイクル数および処<BR>理されたミルクの量の測定の記録を保持するプログラミ<BR>ングが可能である。ジャグ内のミルクの表面までの距離<BR>を測定するセンサを使用することにより、ジャグをプロ<BR>ーブに対して動かす、または好ましくはプローブを動か<BR>すことにより、蒸気プローブの先端をミルクの表面下の<BR>適切な距離に維持することができる。
【選択図】図４
","特開2019-051358","","特許6670367","","","","","https://www.j-platpat.inpit.go.jp/c1800/PU/JP-2019-051358/9CB752788FBD3A78A53C46040317848E48C9AE92A6971E7AC89A7219173A1A80/11/ja"
"特開2019-030717","特願2018-200286","2018/10/24","2019/02/28","グラインダユニット","株式会社大都技研,株式会社Ｔｒｅｅ　Ｆｉｅｌｄ","A47J42/30,A23F5/16","(57)【要約】
【課題】抽出対象から不要物を分離する装置を提供する<BR>こと。
【解決手段】抽出対象から不要物を分離する分離装置は<BR>、前記抽出対象が通過する分離室を形成する形成ユニッ<BR>トと、前記抽出対象の通過方向と交差する方向で前記分<BR>離室と連通し、該分離室内の空気を吸引する吸引ユニッ<BR>トと、を備える。前記形成ユニットは、前記分離室と連<BR>通した、前記抽出対象の投入口と、前記分離室と連通し<BR>た、前記抽出対象の排出口と、を有し、前記吸引ユニッ<BR>トの吸引によって、前記排出口から前記分離室へ空気が<BR>吸引される。
【選択図】図５
","特開2019-030717","","特許7048970","","","","","https://www.j-platpat.inpit.go.jp/c1800/PU/JP-2019-030717/E31D78FC6B3EF10F61B0F98C32C8EADF4DB5173CBF5F3EE526F90B28CA88A1BD/11/ja"
"特開2018-187379","特願2018-086109","2018/04/27","2018/11/29","冷蔵グラインダ","グルッポ　チンバリ　ソチエタ　ペル　アツィオニ","A47J42/54,A47J42/16,B02C18/08@B","(57)【要約】      （修正有）
【課題】回転粉砕ホイールを駆動するモーターに頼るこ<BR>となく、グラインダが作動していないときも、発生した<BR>熱及び蓄積された熱を除去できる冷却を備えるグライン<BR>ダを提供する。
【解決手段】粉末が飲料の調製に使用される植物由来品<BR>の焙煎コーヒー用のグラインダであり、第１円筒壁２６<BR>によって形成された粉砕室６と、対向する１対の粉砕ホ<BR>イールと、回転粉砕ホイールを駆動するための電動モー<BR>ター７、１２と、第１円筒壁２６の中で第１入口３９と<BR>第１出口３８との間に延びる第１冷却ダクトと、を備え<BR>る。第１冷却ダクトに接続された管状回路Ｔ１Ａ，Ｔ１<BR>Ｂは、循環するためのモーターポンプ５８と、放熱手段<BR>５７、６１と、弁部材６０と、モーターポンプ５８を作<BR>動しかつ温度センサ４４によって感知された温度の値に<BR>応じて放熱手段５７、６１をオンにするための電子制御<BR>ユニットＥＣＵと、を備えるグラインダである。
【選択図】図１１
","特開2018-187379","","","","","","","https://www.j-platpat.inpit.go.jp/c1800/PU/JP-2018-187379/E9919D65AC3D3F5622B35ED66F2E519A1515583723B91CA0925E268A53243799/11/ja"
"特表2020-520695","特願2019-563177","2018/05/17","2018/11/22","ミルク泡立て装置および方法","コーヒー　イノベーションズ　ピーティーワイ　リミテッド,ラ　マルゾッコ　エス　アール　エル","A47J31/44,410","(57)【要約】
飲料を調製するためにある量のミルクを泡立てる装置が<BR>提供される。該装置は、泡立てるべき量のミルクを含む<BR>ジャグ（５０）を支持するプラットフォーム（１）と、<BR>蒸気を放出するように構成された蒸気ワンド（１０）と<BR>を備え、前記プラットフォーム（１）が水平軸（Ｘ，Ｙ<BR>）の周りで傾動可能であるか、または蒸気ワンド（１０<BR>）が水平軸の周りで傾動可能であり、且つ前記蒸気ワン<BR>ド（１０）と前記プラットフォーム（１）は一方が他方<BR>に対して垂直方向に並進移動して往復運動可能である。<BR>好ましくは、ジャグに対する蒸気ワンドのおよび／また<BR>は蒸気ワンドに対するジャグの並進垂直運動が与えられ<BR>る。
","特表2020-520695","","特許7258776","","","","","https://www.j-platpat.inpit.go.jp/c1800/PU/JP-2020-520695/9122B56194CE58871CBBE0B06ADC48D74BE7888CC3AE95C8E88EEC90D8A2F975/11/ja"
"特開2018-094436","特願2018-008880","2018/01/23","2018/06/21","ミル刃及びその製造方法","ツインバード工業株式会社","A47J42/20,B02C15/04","(57)【要約】
【課題】安価に製造することができるミル刃及びその製<BR>造方法を提供する。
【解決手段】円盤体１５０と、この円盤体１５０の一面<BR>側に設けられた刃部１５１を有して構成されるミル刃た<BR>る回転刃２２と固定刃２４であって、刃部１５１が複数<BR>の溝部１５５Ａ，１５５Ｂ，１５５Ｃ・・・１５５Ｐか<BR>らなる溝部群１５５を有し、溝部群１５５を有する円盤<BR>体１５０が鋳造品であると共に、刃部１５１が、円盤体<BR>１５０の一面側を研磨することで形成されたものである<BR>から、鋳造及びその後の研磨によって、カッター刃を有<BR>するミル刃を安価に製造することができる。
【選択図】図１５
","特開2018-094436","","特許6779926","","","特許 有効","年金の支払い","https://www.j-platpat.inpit.go.jp/c1800/PU/JP-2018-094436/8B88DDE3F4A6160D7628228775019C0B21DC245CE50755E65EFC5F872F6D8373/11/ja"
"特開2018-094188","特願2016-242932","2016/12/15","2018/06/21","ミル刃及びミル装置","ツインバード工業株式会社","A47J42/20,B02C15/04","(57)【要約】
【課題】飲料原料を効率よく粉砕することができるミル<BR>刃及びミル装置を提供する。
【解決手段】貫通孔１５２を有する円盤体１５０と、こ<BR>の円盤体１５０の一面側に設けられた導入凹部１５３及<BR>び刃部１５１とを有して構成される固定刃２４及び回転<BR>刃２２である。刃部１５１が、外周側ほど細く且つ浅く<BR>なるように形成された複数の溝部１５５Ａ，１５５Ｂ，<BR>１５５Ｃ・・・１５５Ｐからなる溝部群１５５を有し、<BR>導入凹部１５３が、貫通孔１５２側に設けられると共に<BR>、回転方向後側ほど深く且つ外周側に大きくなるように<BR>形成されているから、刃部１５１は、回転方向後側ほど<BR>細く且つ浅くなるように形成された複数の溝部１５５Ａ<BR>，１５５Ｂ，１５５Ｃ・・・１５５Ｐからなる溝部群１<BR>５５を有することになるため、円盤体１５０の回転によ<BR>り、コーヒー豆が徐々に小さくなるように粉砕され、良<BR>好にコーヒー豆を挽くことができる。
【選択図】図１５
","特開2018-094188","","特許6823447","","","","","https://www.j-platpat.inpit.go.jp/c1800/PU/JP-2018-094188/FA7EB2EFB0E78AF57E271CAA1F3643C907CBEDE7E2CE08CE8A44254F5570A34B/11/ja"
"特開2018-068757","特願2016-213527","2016/10/31","2018/05/10","ミル装置","ツインバード工業株式会社","A47J42/16,A47J42/46,B02C7/06","(57)【要約】      （修正有）
【課題】回転刃も固定刃も容易に手入れすることができ<BR>るミル装置を提供する。
【解決手段】ケース本体の上部に設けられて飲料原料を<BR>細かくして排出するミル部１７と、ケース本体に設けら<BR>れてミル部１７を作動させるための電動機とを有する。<BR>ミル部１７がケース本体に対し着脱可能に取り付けられ<BR>、ミル部１７が、従動歯車３３に接続されてミル部１７<BR>に対し着脱可能に取り付けられた円盤状の回転刃２２と<BR>、この回転刃２２と対向して設けられてミル部１７に固<BR>定された円盤状の固定刃２４とを有すると共に、ケース<BR>本体に、電動機によって回転させられて従動歯車３３と<BR>着脱可能に結合する駆動歯車とを有する。ケース本体か<BR>らミル部１７全体を取り外した後、このミル部１７から<BR>従動歯車３３ごと回転刃２２を取り外すことで、回転刃<BR>２２と固定刃２４の手入れを容易に行うことができる。
【選択図】図１２
","特開2018-068757","","特許6850106","","","","","https://www.j-platpat.inpit.go.jp/c1800/PU/JP-2018-068757/17F9BE550BFDC13E51C5A63D6B1CFCFBB9BB76A3BE8CFA3CE25AF8320B3D6477/11/ja"
"特許6195259","特願2016-177238","2016/09/12","2017/09/13","ミル装置とその臼構造","ジャパンポーレックス株式会社","A47J42/24,A47J42/30,B02C7/08,A23F3/06@Z","(57)【要約】
【課題】コンパクトでありながら、被粉砕物を高い処理<BR>効率で粉砕処理し、得られる粉砕物の粒度品質も優れた<BR>ミル装置とその臼構造を提供することを目的とする。
【解決手段】本発明を適用したお茶ミル１は、下端開口<BR>６ｂの近傍に係止構造２５を有する容器本体６と、その<BR>軸心２３上に回動可能に支持される駆動軸３と、駆動軸<BR>３が回動可能に挿通される第１軸孔２６が穿孔され、第<BR>１臼面２７が下端開口６ｂに向けて配置される固定臼体<BR>７と、駆動軸３が回動可能に挿通される第２軸孔２８が<BR>穿孔され、第２臼面２９が第１臼面２７に臨むように配<BR>置される回転臼体８と、回転臼体８を駆動軸３に回動不<BR>能に係止し、軸部３３と固定臼体７との間に、第１軸孔<BR>２６から流入する茶葉５を撹拌可能な撹拌構造４３が形<BR>成される回り止め部材１０と、これを貫通して回転臼体<BR>８側から突出する駆動軸３の先端ネジ部３ａに螺合され<BR>る調整ナット９とを備えたものである。
【選択図】図２
","特開2018-042585","","特許6195259","","","","","https://www.j-platpat.inpit.go.jp/c1800/PU/JP-6195259/9070B7D8905994826164A2173A61BFF48AFB0AFF0F29C09F66CE381F70EDFDFA/15/ja"
"特開2016-221085","特願2015-112130","2015/06/02","2016/12/28","飲料ディスペンサ","富士電機株式会社","A47J31/44,410,B67D1/08@Z","(57)【要約】
【課題】所定の販売時間を維持しつつ簡単な構成により<BR>飲料品質を保つことが可能なミルク飲料注出方法および<BR>それを用いた飲料ディスペンサを提供する。
【解決手段】加温した蒸気とミルク原液と空気とを混合<BR>して製造された泡状のミルクフォームおよび加温した蒸<BR>気とミルク原液とを混合して製造された液状のスチーム<BR>ドミルクをカップＣに注出してカップＣ内の上層にミル<BR>クフォームを盛ってなるミルクフォームとスチームドミ<BR>ルクを含むミルク入り飲料を提供するミルク飲料注出方<BR>法であって、制御部９０によりミルクフォームの注出工<BR>程を実行した後、液状のスチームドミルクの注出工程を<BR>実行し、ミルクフォームの層の上にスチームドミルクを<BR>注出することによりスチームドミルクがカップＣに直接<BR>衝突して泡が生じるのを抑制する。
【選択図】図２
","特開2016-221085","","特許6620429","","","特許 有効","年金の支払い","https://www.j-platpat.inpit.go.jp/c1800/PU/JP-2016-221085/3C6FA8520C333AE374531D9750CCCE62D51A40142FB545C06691AB21ADF27848/11/ja"
"実登3206692","実願2016-003474","2016/07/19","2016/09/29","豆挽きコーヒーメーカー","林　諾鋒","A47J31/42,A47J31/057","(57)【要約】      （修正有）
【課題】洗浄しやすく、コーヒーメーカーの使用をより<BR>安全且つ便利にし、時間と手間を省く豆挽きコーヒーメ<BR>ーカーを提供する。
【解決手段】豆挽きコーヒーメーカーは、本体と、上蓋<BR>とを含み、本体の筐体には開口キャビティと、湯加熱器<BR>４とが設置され、本体内には互いに連通する豆挽きカッ<BR>プ５とコーヒーカップ６とが設置され、コーヒーカップ<BR>が開口キャビティの上方に位置し、コーヒーカップと開<BR>口キャビティとの間には頂部プッシュスイッチ７が設置<BR>され、豆挽きカップ内にはコーヒーミル８が設置され、<BR>本体の筐体の頂部には湯加熱器の水管１０に接続され外<BR>周に環状のスプリングカバーが設けられるコックが設置<BR>され、上蓋の底面にはコック穴が設置され、上蓋が閉め<BR>られた時、コックがコック穴を通過して湯加熱器の湯を<BR>豆挽きカップの真上に位置するスプレーキャビティ１６<BR>内に進入させる。
【選択図】図１
","","","実登3206692","","","","","https://www.j-platpat.inpit.go.jp/c1800/PU/JP-3206692/5F0984E9C0DA4C5F60D5E528F32F485A06CCFE9AF2DA6ABBFC015FEAA4C6EF55/25/ja"
"特許5964536","特願2016-516620","2015/12/21","2016/08/03","ミル装置","ジャパンポーレックス株式会社","A47J42/04","(57)【要約】
本発明を適用したコーヒーミル１は、内刃８によってコ<BR>ーヒー豆５を粉砕する粉砕ユニット２と、内刃８に一端<BR>が連動連結されると共に、他端の軸心２３上には、軸心<BR>方向の少なくとも一部の軸心周りに所定のねじれを有す<BR>る断面視矩形状の矩形軸部２１が形成された駆動軸３と<BR>、平面視矩形状の矩形軸孔２２が開口されると共に、こ<BR>の矩形軸孔２２を矩形軸部２１に外嵌することにより、<BR>駆動軸３に連結される操作ハンドル４とを備えている。
","WO2017/109836","","特許5964536","","再表2017/109836","","","https://www.j-platpat.inpit.go.jp/c1800/PU/JP-5964536/22745AB752ABE7944BD69B98895A19E133A7C04791D1B2B27932DB175671DAB6/15/ja"
"特表2017-528265","特願2017-516074","2015/09/22","2016/03/31","ミルク泡立器具","キュー・ビー・オー・コーヒー・ゲゼルシャフト・ミット・ベシュレンクテル・ハフツング","A47J31/44,410,A47J31/44,510","(57)【要約】
  この発明に従う、泡立てられたミルクの調製のための<BR>器具は、飲料調製機上（１０１）にドッキング可能であ<BR>り、この目的のため、飲料調製機によって生成される蒸<BR>気のための少なくとも１つの接続部、および飲料調製機<BR>によって供給される電流のためのインターフェイスを備<BR>える。器具は、さらに、ギヤポンプ（７）を伴うミルク<BR>泡立ユニットを備える。ギヤポンプは入口側においてミ<BR>ルク供給導管および空気供給路に接続される。器具は、<BR>動作パラメータが測定値および／またはユーザ入力に依<BR>存する態様で調整可能なようにミルク泡立ユニットが構<BR>成されることにおいて特徴付けられる。
","特表2017-528265","","特許6720149","","","","","https://www.j-platpat.inpit.go.jp/c1800/PU/JP-2017-528265/BD014A89F35EF39F7C026586BE0204D1AE72F0AE8EDE05CEE5CFBFE8076AF525/11/ja"
"特表2017-528268","特願2017-516084","2015/09/22","2016/03/31","ミルク泡立器具、飲料調製システム、および飲料調製機","キュー・ビー・オー・コーヒー・ゲゼルシャフト・ミット・ベシュレンクテル・ハフツング","A47J31/44,410","(57)【要約】
  泡立てられたミルクの調製のための器具は、ミルクを<BR>受けるための容器を備え、飲料調製機（１０１）への接<BR>続のためのドッキング要素によって特徴付けられ、前記<BR>ドッキング要素は、−飲料調製機によって送給される蒸<BR>気のための接続部と、−泡立てられたミルクのためのミ<BR>ルク泡沫出口（２８）とを含み、−ドッキング要素は、<BR>複数個の流体チャネルを伴う主本体（２５）と、主本体<BR>から可逆的に取外し可能な補足部品（２７）とを含み、<BR>補足部品は、主本体に比較してより軟質の材料を含み、<BR>連続的であり、いくつかの要素（２８、８５、８６）を<BR>含み、それらの要素を通して、ミルク、蒸気、水および<BR>／または空気が流れ得、それらの要素は流体チャネル内<BR>に係合する。
","特表2017-528268","","特許6660379","","","","","https://www.j-platpat.inpit.go.jp/c1800/PU/JP-2017-528268/48F72D271C7584E9BCC992BE9B9B3D70BBA77AD33EAA63175938F0024D7C8A16/11/ja"
"特表2017-528266","特願2017-516078","2015/09/22","2016/03/31","ミルク泡立器具、飲料調製システム、および飲料調製機","キュー・ビー・オー・コーヒー・ゲゼルシャフト・ミット・ベシュレンクテル・ハフツング","A47J31/44,410,A47J31/60","(57)【要約】
  泡立てられたミルクの調製のための器具（１）は、ミ<BR>ルクを受けるための容器（５）と、ミルクを送給するお<BR>よび／または泡立たせるための電気的に動作される駆動<BR>手段とを備える。それは、飲料調製機（１０１）への接<BR>続のためのドッキング要素によって特徴付けられ、前記<BR>ドッキング要素は、−飲料調製機によって送給される蒸<BR>気のための接続部と、−飲料調製機から供給される電流<BR>のためのインターフェイスと、−泡立てられたミルクの<BR>ためのミルク泡沫出口（２８）とを含む。
","特表2017-528266","","特許6625121","","","","","https://www.j-platpat.inpit.go.jp/c1800/PU/JP-2017-528266/13E3CC4978AB5013A14E85FCE1C66FC636C768196B0B70073117375D33FAAF54/11/ja"
"特表2017-528267","特願2017-516079","2015/09/22","2016/03/31","ミルク泡立器具","キュー・ビー・オー・コーヒー・ゲゼルシャフト・ミット・ベシュレンクテル・ハフツング","A47J31/44,410","(57)【要約】
  この発明に従う器具は泡立てられたミルクの調製のた<BR>めに飲料調製機（１０１）上にドッキング可能であり、<BR>この目的のため、飲料調製機によって生成される蒸気の<BR>ための少なくとも１つの接続部、および飲料調製機から<BR>送られる電流のためのインターフェイスを備える。器具<BR>は、さらに、ギヤポンプ（７）を伴うミルク泡立ユニッ<BR>トを備える。ギヤポンプは入口側においてミルク供給導<BR>管および空気供給路に接続される。混合ノズルが、さら<BR>に、ギヤポンプによって送給されるミルクの通路上に設<BR>けられ、この混合ノズルに、ミルク、蒸気、および空気<BR>を供給することができる。
","特表2017-528267","","特許6605592","","","特許 有効","年金の支払い","https://www.j-platpat.inpit.go.jp/c1800/PU/JP-2017-528267/0A66F7FD6DAA65BC1873279A275C3305B6DFDF340E1F7CDF95444D354B4DC46B/11/ja"
"特表2017-501761","特願2016-529882","2014/11/11","2015/05/21","コーヒーグラインダー及びコーヒーを挽く方法","コーニンクレッカ　フィリップス　エヌ　ヴェ","A47J42/56,A23F5/08,A47J42/46,A47J42/50","(57)【要約】
  コーヒー豆を挽くためのグラインディングツール（２<BR>０）と、グラインディングツール（２０）を駆動するた<BR>めのモーター（３０）と、グラインディングツール（２<BR>０）及び／又はモーター（３０）の失速状態を検出する<BR>ための失速検出器（４１）と、失速検出器（４１）が失<BR>速状態を検出する場合に、グラインディングツール（２<BR>０）及び／又はモーター（３０）の回転の方向（２８，<BR>２８´）を一時的に反転させるように構成される反転ユ<BR>ニット（４０）とを含むコーヒーグラインダーが示され<BR>ている。さらに、対応するコーヒーを挽く方法、及び、<BR>コーヒーグラインダーを含むコーヒーマシンが示されて<BR>いる。
","特表2017-501761","","特許6549573","","","","","https://www.j-platpat.inpit.go.jp/c1800/PU/JP-2017-501761/F28951C835A32E0165FE727A60AA1475C8B4EF28A673C397D9197D4FA7599667/11/ja"
"特開2015-039523","特願2013-172044","2013/08/22","2015/03/02","ミルク供給経路の自動洗浄性を高めたコーヒーマシン","西山工業株式会社,下岡　一夫","A47J31/00@G,A47J31/40,A47J31/44@Z,A47J31/60,A47J31/44,410,A47J31/44,430,A47J31/46","(57)【要約】      （修正有）
【課題】ミルクラインの洗浄時でもミルクをそのまま同<BR>じ冷蔵室で保管することを前提としながら、且つ人手に<BR>よる洗浄作業を極力減らし、ミルクラインの自動洗浄性<BR>を高めるようにした新規なコーヒーマシンを提供する。
【解決手段】コーヒーマシンは、コーヒー液の抽出を担<BR>うブリュワー部と、ミルクを冷蔵室で保存するとともに<BR>、ここから取り出したミルクを飲料メニューに応じて適<BR>宜の状態に仕立てるミルク生成部３とを具えて成り、ミ<BR>ルクを冷蔵室からカップ側に移送するミルク供給経路Ｌ<BR>７には、当該経路の途中から洗剤原液または／および湯<BR>を送り込んで洗浄する洗浄経路Ｌ９を合流させるもので<BR>あり、また洗浄経路Ｌ９は、ミルク供給経路Ｌ７に洗剤<BR>原液を送る原液供給経路Ｌ９ａと、洗浄用の湯を送る洗<BR>浄湯供給経路Ｌ９ｂとを具えて成る。
【選択図】図８
","特開2015-039523","","","","","","","https://www.j-platpat.inpit.go.jp/c1800/PU/JP-2015-039523/E77F8DBF5D353ACE39B230AAC91D3B4470211405E805E65815758088A859FA36/11/ja"
"特表2016-518179","特願2016-506728","2014/04/10","2014/10/16","エスプレッソミルク泡立て器","パートン，ウィリアム　ウェストモア","A47J31/44,420","(57)【要約】
ミルク泡立て装置は、蒸気プローブと、ジャグおよびジ<BR>ャグ支持部と、ジャグ内のミルクの深さを決定するため<BR>のセンサとを含む。蒸気プローブまたはジャグ支持部は<BR>、好ましくはステッピングモータによって可動に駆動さ<BR>れて、ミルクの表面下にプローブの先端を維持する。温<BR>度センサはジャグ内のミルクの温度を監視する。マイク<BR>ロコントローラは、工程を開始し、ミルクの表面に対し<BR>て蒸気プローブの位置を維持し、ミルクが所望の温度に<BR>達すると工程を停止し、サイクル数および処理されたミ<BR>ルクの量の測定の記録を保持するプログラミングが可能<BR>である。ジャグ内のミルクの表面までの距離を測定する<BR>センサを使用することにより、ジャグをプローブに対し<BR>て動かす、または好ましくはプローブを動かすことによ<BR>り、蒸気プローブの先端をミルクの表面下の適切な距離<BR>に維持することができる。ミルクの温度を検知し、ミル<BR>クが熱くなり過ぎる前に工程を確実に完了することによ<BR>り、工程をより正確に制御できる。設備はエスプレッソ<BR>マシン内で発生された蒸気を使用してもよく、または指<BR>定された蒸気ボイラを使用してもよい。装置は複数の基
","特表2016-518179","","","","","","","https://www.j-platpat.inpit.go.jp/c1800/PU/JP-2016-518179/5AFC8A16CCD417939147E8AF8067F0786AD0028CE0D033F0C28D67305120EFCE/11/ja"
"特開2013-165814","特願2012-030565","2012/02/15","2013/08/29","ミルクフォーマー及び飲料製造装置","パナソニック株式会社,パナソニックＩＰマネジメント株式会社","A23F5/24,A47J31/32,A47J31/40,A47J31/44@Z,A47J31/40,101,A47J31/44,410,A47J31/36,100,A47J31/52","(57)【要約】
【課題】ボイラへの湯の供給を停止した後も出続ける蒸<BR>気による悪影響を解消しながら、ミルカーへの蒸気の吐<BR>出を的確に制御することができるミルクフォーマーを提<BR>供する。
【解決手段】湯タンク１１からボイラ７３に湯を供給す<BR>るための湯供給経路６１と、ボイラからミルカー６２に<BR>蒸気を吐出するための蒸気吐出経路７４と、ミルク保冷<BR>庫６９からミルカーにミルクを供給するためのミルク供<BR>給経路７９と、ミルカーに空気を供給するための空気供<BR>給経路８２と、蒸気吐出経路から分岐して湯タンクに至<BR>る蒸気戻し経路７７と、ボイラにて生成された蒸気をミ<BR>ルカーに吐出するか、蒸気戻し経路を経て湯タンクに戻<BR>すかを制御する三方弁７６を備える。
【選択図】図７
","特開2013-165814","","特許5927535","","","","","https://www.j-platpat.inpit.go.jp/c1800/PU/JP-2013-165814/C06E03D7358E52A97E741A6B93948E6192A55504CC597DBC54F658EA9B37855F/11/ja"
"特開2013-116215","特願2011-264925","2011/12/02","2013/06/13","ミルク供給装置並びにこれを組み込んだ飲料ディスペンサ","下岡　一夫,エィ・ウェン・チャン","A47J31/40,A47J31/44@Z,A47J31/44,410","(57)【要約】
【課題】  ミルクラインのサニタリー性はもちろん、誰<BR>が操作しても常に同じ状態で上質なフォームドミルクが<BR>生成できる新規なミルク供給装置とこれを適用した飲料<BR>ディスペンサの開発を課題とする。
【解決手段】  本発明のミルク供給装置１は、冷蔵室Ｒ<BR>２で低温保管されたミルクＭを目的作用位置まで移送す<BR>るミルクラインＬ１と、該ラインに蒸気や熱水を合流さ<BR>せる蒸気・熱水ラインＬ２との合流部４１をベンチュリ<BR>状に形成し、この合流部４１に蒸気や熱水を勢い良く送<BR>り込むことにより、ミルクＭを冷蔵室Ｒ２から吸引し、<BR>目的作用位置に送るようにした装置であって、ミルクラ<BR>インＬ１には、蒸気・熱水ラインＬ２との合流部４１の<BR>前段に、ミルク流路を開閉する制御バルブ４３を具える<BR>ようにしたことを特徴とする。また制御バルブ４３は、<BR>弁体４５の姿勢設定によりラインを流れるミルク流量も<BR>調整できる形式であることが望ましい。
【選択図】図１
","特開2013-116215","","","","","","","https://www.j-platpat.inpit.go.jp/c1800/PU/JP-2013-116215/614FC8A44CC2F25C8EA44DC5266359EFF904439B21BB216B2B20007E4E00481A/11/ja"
"特表2014-533999","特願2014-536153","2012/08/16","2013/04/25","ミルク泡立て装置およびこの種のミルク泡立て装置を有するコーヒーまたはエスプレッソマシンおよび自動飲料販売機","シェーラー　アーゲー","A47J31/44@Z,G07F13/02,102,A47J31/44,410","(57)【要約】
  ミルク泡立て装置は、使い捨て部品の形態であり交換<BR>が容易である泡生成ユニットであって、混合室と、混合<BR>室から外部につながる生成されたミルク泡のための出口<BR>と、泡生成ユニットに蒸気と空気を供給する第１の手段<BR>と、泡生成ユニットにミルクを供給する第２の手段とを<BR>備える泡生成ユニットを備え、泡生成ユニットは、脱着<BR>可能な方法で保持手段に接続させることができる。泡生<BR>成ユニットは、簡素で確実な方法で交換することができ<BR>、それと同時に蒸気と空気が泡生成ユニットに一緒に進<BR>入する第１の入口を備える第１の手段によって、また、<BR>外向きに突き出し、蒸気生成器と空気ポンプに接続され<BR>、蒸気と空気が一緒に送られる、保持手段に設けられた<BR>一体化した蒸気／空気ノズルによって、それらが脱着可<BR>能な液圧プラグ接続を形成するように設計され互いに適<BR>合された第１の入口と、蒸気／空気ノズルとによって柔<BR>軟性のある方法で作動する。
【選択図】図２
","特表2014-533999","","特許5969038","","","","","https://www.j-platpat.inpit.go.jp/c1800/PU/JP-2014-533999/F199ED2450EE11CB643362243D5EF2A3BEAAFA840D347D27F744263551652775/11/ja"
"特開2012-157507","特願2011-018818","2011/01/31","2012/08/23","ミルククーラに洗浄ボトルを常設したコーヒーマシン","下岡　一夫","A47J31/00@G,A47J31/40,A47J31/44@Z,A47J31/60,B67D1/07,B67D3/00@J,A47J31/36,110,A47J31/44,410","(57)【要約】
【課題】  ミルクラインの洗浄時でもミルクをそのまま<BR>冷蔵室で保管できるようにし、ミルクの衛生管理をより<BR>容易に、より確実に行えるようにするとともに、洗浄作<BR>業を行う作業者の負担を軽減するようにした新規なコー<BR>ヒーマシンの開発を課題とする。
【解決手段】  本発明のコーヒーマシンＡは、コーヒー<BR>液Ｌの抽出を担うマシン本体部１と、主にミルククーラ<BR>２０でミルクＭの冷蔵を担うミルク供給部２とを具えて<BR>成り、冷蔵状態のミルクＭをカップＣに移送するミルク<BR>ラインＭＬは、洗浄ボトルＢから当該ラインに送り込ま<BR>れる洗浄剤によって洗浄されるものであり、ミルククー<BR>ラ２０には、この洗浄ボトルＢを常時収容するための洗<BR>浄ボトル貯留部８が形成されることを特徴とする。また<BR>洗浄ボトル貯留部８は、ミルクＭを冷蔵する冷蔵室５０<BR>の下方に形成され、これら各室が断熱壁２２で仕切られ<BR>ることを特徴とする。
【選択図】図６
","特開2012-157507","","特許5730042","","","","","https://www.j-platpat.inpit.go.jp/c1800/PU/JP-2012-157507/BDAE164B9D7DE81787CF97BFF28E244CEC49152850CF6160D82BA62041D3E681/11/ja"
"特開2012-157505","特願2011-018796","2011/01/31","2012/08/23","注出口をミルククーラ側に設けたコーヒーマシン","下岡　一夫","A47J31/40,A47J31/44@Z,A47J31/46,A47J31/36,110,A47J31/44,410","(57)【要約】
【課題】  従来、ミルククーラからマシン本体部（抽出<BR>機）にミルクを送るために架け渡していたミルク移送管<BR>を排除し、該移送管に残留するミルクが外気温や高温雰<BR>囲気にさらされることがないようにした新規なコーヒー<BR>マシンの開発を課題とする。
【解決手段】  本発明のコーヒーマシンＡは、コーヒー<BR>液Ｌの抽出を担うマシン本体部１と、主にミルククーラ<BR>２０でミルクＭの冷蔵を担うミルク供給部２とを具えて<BR>成り、ミルククーラ側に、マシン本体部１で抽出したコ<BR>ーヒー液Ｌや、冷蔵室５０から取り出したミルクＭをカ<BR>ップＣに注ぐ注出室７０を設けるとともに、マシン本体<BR>部１とミルククーラ２０との間にはコーヒー液移送管３<BR>２を架け渡し、コーヒー液Ｌをマシン本体部１から注出<BR>室７０の注出口７４つまりコーヒー液ノズル７４Ｌまで<BR>移送するようにし、更には注出室７０を冷蔵室５０とは<BR>断熱壁２２で仕切るようにしたことを特徴とする。
【選択図】図６
","特開2012-157505","","","","","","","https://www.j-platpat.inpit.go.jp/c1800/PU/JP-2012-157505/18AAE56D8F1EC57F33BDEFA724D94B829D6AE413A030B3E93A0055E95D07417E/11/ja"
"特開2011-167394","特願2010-034906","2010/02/19","2011/09/01","ミルクフォーマー及び飲料製造装置","三洋電機株式会社","A23F5/24,A47J31/36,A47J31/44@Z,A47J31/36,110,A47J31/44,410,A47J31/44,430","(57)【要約】
【課題】簡素な構成にてミルクフォームと、ホットミル<BR>クの供給量を調整し、多種類の飲料を供給する。
【解決手段】ミルクを保冷するミルク保冷庫６９と、ボ<BR>イラ９７により生成された蒸気によりミルク保冷庫から<BR>ミルクを吸引すると共に、空気を吸引し、当該吸引ミル<BR>クと吸引空気とを混合してミルクフォームを生成するミ<BR>ルカー６２とを備えたミルクフォーマー６０において、<BR>ミルカー６２の空気吸引ノズル６８からの空気の流入を<BR>制御する空気吸引制御手段として電磁弁９５を備えた。
【選択図】図１８
","特開2011-167394","","特許5537987","","","","","https://www.j-platpat.inpit.go.jp/c1800/PU/JP-2011-167394/42CDC2CD4339FA4687EE4CB76511DFA656153412819A6FBAAC9AA19E503C3DD1/11/ja"
"特開2010-273744","特願2009-127131","2009/05/27","2010/12/09","ミルクフォーマー","富士電機株式会社","A47J31/44@Z,A47J43/12,B01F3/04@E,B01F7/16@J,A47J31/44,410","(57)【要約】
【課題】高品質なミルクフォームを生成するとともに減<BR>圧した状態でミルクフォームを吐出することができる攪<BR>拌装置を備えたミルクフォーマーを提供することを目的<BR>とする。
【解決手段】攪拌装置２０は、円筒形状の周壁３５に鉛<BR>直の複数のリブ状突起３６を設けた回転子３４と、上面<BR>を開口２２として底面２３を閉塞させた略円筒の形状か<BR>らなり、この円筒の内壁２４には、リブ状突起３６に相<BR>対するように複数のリブ状突起２５と流入部２６の流入<BR>口２６ａを、底面２３にはミルクフォームを排出させる<BR>排出口２７を設けた本体２１と、本体２１に回転子３４<BR>を内設して開口２２に取り付ける蓋体３１と、から構成<BR>され、流入部２６にはミルク容器１３に管路１４で連通<BR>し、ミルクを負圧吸引するためのミルク吸引口２６ｂが<BR>設けられている。
【選択図】図１１
","特開2010-273744","","特許5423146","","","","","https://www.j-platpat.inpit.go.jp/c1800/PU/JP-2010-273744/72289E9DC35276178CF75D198D0CF5570D628531195E4C3364F31EE9E19DE483/11/ja"
"特表2012-519046","特願2011-552425","2010/03/03","2010/09/10","ミルク泡を生成するための装置","デリカ・アクチェンゲゼルシャフト","A47J31/44@Z,A47J43/12,A47J31/44,410,A47J31/60","(57)【要約】
  本発明は、蒸気および空気を用いてミルク泡を生成す<BR>るための装置（１１）に関し、吸引作用を実現するため<BR>の収束−分岐型ノズル（２）を備える。ミルク供給ライ<BR>ン（４）は、吸引作用によってミルクをミルク容器（５<BR>）からノズル（２）に吸込むことができるようにノズル<BR>に接続される。ノズル（２）は、射出成形プロセスにお<BR>いて作成される一体型の構成要素として設計され、ノズ<BR>ル入口開口部（１４）と、ノズル出口開口部（１７）と<BR>、ミルク吸込継手２０の形状をしたミルク供給ライン接<BR>続部とを備える。空気入口は、流れの方向に対してノズ<BR>ル（２）のノズル入口開口部（１４）の前方に位置する<BR>。制御可能な空気ポンプ（６）を設けることにより、空<BR>気を蒸気供給ライン（３）に投入する。
","特表2012-519046","","","","","","","https://www.j-platpat.inpit.go.jp/c1800/PU/JP-2012-519046/5265B466DD3352192A1E86CC129B535C0571F694183DEA8AFCBCE2321AC5880F/11/ja"
"特開2008-017980","特願2006-191375","2006/07/12","2008/01/31","コーヒーミル装置","三洋電機株式会社","A47J42/16,A47J42/40,A47J42/50","(57)【要約】
【課題】コーヒー豆通路内において発生する豆詰まりを<BR>防止することができ、円滑な挽き豆の形成を可能とする<BR>コーヒーミル装置を提供する。
【解決手段】ミル本体２２に設けられ、コーヒー豆を粉<BR>砕して挽き豆を形成するコーヒーミル４３と、コーヒー<BR>豆を貯蔵するキャニスタ９と、ミル本体２２に形成され<BR>、キャニスタ９の出口部６１から落下するコーヒー豆を<BR>コーヒーミル４３に導くコーヒー豆通路４１とを備えた<BR>コーヒーミル装置４０において、キャニスタ９は、出口<BR>部６１がコーヒー豆通路４１の入口部４１Ａに対応した<BR>状態で設けられると共に、出口部６１には、入口部４１<BR>Ａよりコーヒー豆通路４１内に挿脱自在に挿入され、当<BR>該コーヒー豆通路４１の内壁面を覆う延出部６３が形成<BR>されている。
【選択図】図６
","特開2008-017980","","","","","","","https://www.j-platpat.inpit.go.jp/c1800/PU/JP-2008-017980/2A82327E40D50BD30705AAA494171E56A184C521A03CBEB308AB395A541968E7/11/ja"
"特開2007-259928","特願2006-085875","2006/03/27","2007/10/11","ミルクフォーマー及びコーヒー飲料製造装置","三洋電機株式会社","A47J31/41,A47J31/44@Z,A47J31/36,110,A47J31/44,410,A47J31/52","(57)【要約】
【課題】必要以上に蒸気ボイラのヒータを高温に維持す<BR>ることによる電力量の消費を抑制し、ランニングコスト<BR>の低減を図ることができるミルクフォーマー及び当該ミ<BR>ルクフォーマーを備えたコーヒー飲料製造装置を提供す<BR>る。
【解決手段】蒸気ボイラ６４により生成された蒸気によ<BR>りミルクを吸引すると共に空気を吸引し、当該ミルクと<BR>空気とを混合してミルクフォームを生成するミルクフォ<BR>ーマー６１であって、蒸気ボイラ６４の温度を蒸気生成<BR>のための所定の高温値に制御する制御装置４０を備え、<BR>制御装置４０は、所定時間ミルクフォームの生成が行わ<BR>れない場合、蒸気ボイラ６４の温度を高温値よりも低い<BR>保持温度に制御する。
【選択図】図３
","特開2007-259928","","","","","","","https://www.j-platpat.inpit.go.jp/c1800/PU/JP-2007-259928/53396DBE23289E5B16FFE8D4B2CE9E1A3EC887227DBDAF8F146C2FF53F929831/11/ja"
"実登3135377","実願2007-005053","2007/07/02","2007/09/13","コーヒーミル","株式会社カフェ・ド・ランブル","A47J43/26","(57)【要約】
【課題】切れの良い味のコーヒーを味わうことができる<BR>粒径のコーヒー粉末を得ることができるコーヒーミルを<BR>提供すること。
【解決手段】本考案のコーヒーミル１は、ミル本体２の<BR>モータ６が基台３のカッター９を回動させるようになっ<BR>ている。基台３にはカッター９を覆うようにフィルタ４<BR>が取付けられつつ、そのフィルタ４を覆うようにミル容<BR>器５が取付けられる。フィルタ４は１０〜２０メッシュ<BR>の金属メッシュにより円筒状に形成されており、破砕前<BR>のコーヒー豆が貯蔵される。カッター９が回動するとコ<BR>ーヒー豆が破砕されてコーヒー粉末となり、そのコーヒ<BR>ー粉末の粒径がフィルタ４のメッシュ粗さと同程度もし<BR>くはそれ以下になったときにコーヒー粉末がフィルタ４<BR>を透過する。
【選択図】図２
","","","実登3135377","","","","","https://www.j-platpat.inpit.go.jp/c1800/PU/JP-3135377/0E486D21B52EA33694863974DF259328D5CBD377FAF85FD7023D869330082380/25/ja"
"特開2006-334086","特願2005-161575","2005/06/01","2006/12/14","ミルクフォーマー及びそれを備えたコーヒー飲料製造装置","三洋電機株式会社","A23F5/24,A47J31/36,A47J31/00,302,A47J31/44,410,A47J31/60","(57)【要約】
【課題】衛生的にミルカーを管理し、上質のミルクフォ<BR>ームを形成することができるミルクフォーマー及び当該<BR>ミルクフォーマーを備えたコーヒー飲料製造装置を提供<BR>する。
【解決手段】本発明のミルクフォーマー６１は、ミルク<BR>を保冷するミルク保冷庫６９と、蒸気ボイラ６４と、ボ<BR>イラ６４により生成された蒸気によりミルク保冷庫６９<BR>からミルクを吸引すると共に、空気を吸引し、当該吸引<BR>ミルクと吸引空気とを混合してミルクフォームを生成す<BR>るミルカー６５とを備えたものであって、エスプレッソ<BR>用湯タンク１１からエスプレッソ抽出用ポンプ１２によ<BR>りミルカー６５内に湯を供給して当該ミルカー６５内を<BR>洗浄するミルカー洗浄運転を実行する。
【選択図】図３
","特開2006-334086","","特許4711747","","","","","https://www.j-platpat.inpit.go.jp/c1800/PU/JP-2006-334086/278FEEAF285A0AF3E350DB57FCF154CA784E5559B4E42AFBBBAB152B7DEF2DE8/11/ja"
"特開2006-280727","特願2005-106273","2005/04/01","2006/10/19","ミルクフォーマー","三洋電機株式会社","A47J27/16@Z,A47J31/40,A47J31/36,A47J31/44,410,A47J31/60","(57)【要約】
【課題】衛生的にミルカーを管理し、上質のミルクフォ<BR>ームを形成することができるミルクフォーマー及び当該<BR>ミルクフォーマーを備えたコーヒー飲料製造装置を提供<BR>する。
【解決手段】ミルクを保冷するミルク保冷庫６９と、蒸<BR>気ボイラ６４と、蒸気ボイラ６４により生成された蒸気<BR>によりミルク保冷庫６９からミルクを吸引すると共に、<BR>空気を吸引し、吸引ミルクと吸引空気とを混合してミル<BR>クフォームを生成するミルカー６５とを備えたミルクフ<BR>ォーマー６１において、ミルカー本体７１内への吸引ミ<BR>ルクの供給を制御するミルク制御弁８５及び制御装置２<BR>０を備え、制御装置２０は、ミルカー本体７１内への吸<BR>引ミルクの供給をミルク制御弁８５により停止し、蒸気<BR>のみを吐出するミルカー洗浄運転を実行する。
【選択図】図３
","特開2006-280727","","特許4397341","","","","","https://www.j-platpat.inpit.go.jp/c1800/PU/JP-2006-280727/689B2A94BF84668B29F5E7BD91B9CB14C8C7EA8B7176CB1E55391AFD6AF1A45E/11/ja"
"特開2005-245499","特願2004-056039","2004/03/01","2005/09/15","ミルクフォーマー及びそれを備えたコーヒー飲料製造装置","三洋電機株式会社","A23L2/00@X,A47J31/36,A47J31/41,A47J31/44@Z,A47J31/36,114,A47J31/44,410,A47J31/46,A47J31/52,A23L2/52,A23L2/54,101,A23L2/66","(57)【要約】
【課題】  ミルクフォーマーに蒸気を供給する蒸発ボイ<BR>ラ入口部のパイプ内面へのスケールの付着・堆積を抑制<BR>することができるミルクフォーマーを提供する。
【解決手段】  ミルクを保冷するミルク保冷庫８２と、<BR>所定温度の湯を貯溜する湯タンク１１と、湯タンク１１<BR>から湯を排出させる電磁ポンプ６３と、ポンプ６３から<BR>の湯を用いて蒸気を生成する蒸気ボイラ６４と、ボイラ<BR>６４により生成された蒸気によりミルク保冷庫８２から<BR>ミルクを吸引すると共に、空気を吸引し、吸引ミルクと<BR>吸引空気とを混合してミルクフォームを生成するミルカ<BR>ー６５とを備えたミルクフォーマー６１において、ポン<BR>プ６３とボイラ６４との間に、開弁して外部に連通する<BR>蒸気電磁弁６８を設け、電磁弁６８は、開弁した状態と<BR>、一定圧力以上にて外部に連通する状態とに通電制御さ<BR>れる。
【選択図】      図３
","特開2005-245499","","","","","","","https://www.j-platpat.inpit.go.jp/c1800/PU/JP-2005-245499/841FB4E69AC946E0FB1CB3E9039DA7CE7EA1472FC3C2FFCF4E27939216DE5478/11/ja"
"特開2005-245498","特願2004-056035","2004/03/01","2005/09/15","ミルクフォーマー及びそれを備えたコーヒー飲料製造装置","三洋電機株式会社","A47J31/41,A47J31/44@Z,A47J31/36,114,A47J31/44,120,A47J31/44,410,A47J31/46,A47J31/60","(57)【要約】
【課題】きめ細かな上質のミルクフォーム生成すること<BR>ができるミルクフォーマーを提供する。
【解決手段】蒸気ボイラ６４により生成された蒸気によ<BR>りミルク保冷庫８２からミルクを吸引すると共に、空気<BR>を吸引し、吸引ミルクと吸引空気とを混合してミルクフ<BR>ォームを生成するミルカー６５とを備え、ミルカー６５<BR>は、略円筒状の本体７１と、本体７１の上面開口に着脱<BR>自在に取り付けられて開口を閉塞するミルカーキャップ<BR>８４と、吸引ミルクと吸引空気の混合物が本体７１内で<BR>旋回するように混合物を吐出する吐出部７２と、本体７<BR>１の底面に形成され、本体７１内で生成されたミルクフ<BR>ォームを排出する排出部３とを有し、本体７１の上面開<BR>口縁には外側に突出する被嵌合部７１Ａ、７１Ｂが形成<BR>され、ミルカーキャップ８４には被嵌合部７１Ａ、７１<BR>Ｂの下側にそれぞれ嵌合する嵌合部８４Ｃ、８４Ｄを形<BR>成した。
【選択図】図６
","特開2005-245498","","特許4176033","","","","","https://www.j-platpat.inpit.go.jp/c1800/PU/JP-2005-245498/AC5F3FFA7D5A8F509CD7F9BD528A001EE50343987E51CCA55C3CBBF8A77E3D79/11/ja"
"特開2005-073869","特願2003-306848","2003/08/29","2005/03/24","ミルクフォーマー及びそれを備えたコーヒー飲料製造装置","三洋電機株式会社","A23L2/00@S,A47J31/41,A47J31/44@Z,A47J31/36,114,A47J31/44,410,A47J31/44,420,A47J31/44,430,A23L2/52,A23L2/66","(57)【要約】
【課題】  きめ細かな上質のミルクフォーム生成するこ<BR>とができると共に、当該ミルクフォームの提供までの時<BR>間を短縮することができるミルクフォーマーを提供する<BR>。
【解決手段】  蒸気ボイラ６４により生成された蒸気に<BR>よりミルク保冷庫８２からミルクを吸引すると共に、空<BR>気を吸引し、吸引ミルクと吸引空気とを混合してミルク<BR>フォームを生成するミルカー６５とを備え、ミルカー６<BR>５は、略円筒状の本体７１と、該本体７１内に突出して<BR>形成され、吸引ミルクと吸引空気の混合物が本体７１内<BR>で旋回するように混合物を本体７１内に吐出する吐出部<BR>７２と、本体７１の底面に形成され、本体７１内で生成<BR>されたミルクフォームを排出するミルクフォームノズル<BR>３とを有し、吐出部７２には、本体７１の内周面と略同<BR>心円弧状の湾曲部７２Ｃが形成されている。
【選択図】      図８
","特開2005-073869","","特許4104509","","","","","https://www.j-platpat.inpit.go.jp/c1800/PU/JP-2005-073869/01D3178698C9AD9B48C2ED5D84A508A1C6AE512878F3B02E30D65E00F83BACB6/11/ja"
"特開2005-066314","特願2004-020447","2004/01/28","2005/03/17","飲料ディスペンサにおけるミルク処理蒸気の供給方法並びにその装置","フジコーン株式会社,ユーシーシー上島珈琲株式会社","A23L2/00@X,A47J31/40,A47J31/36,110,A47J31/44,410,A23L2/52,A23L2/66","(57)【要約】
【課題】  飲料ディスペンサにおいて目的の飲料物の性<BR>状等に応じて、高温で且つキメの細かい泡立ミルクを生<BR>成できるようにするとともに、毎回のミルク供給の都度<BR>、ミルク供給経路を蒸気によって容易に且つ確実に洗浄<BR>できるようにしたミルク処理蒸気の新規な供給手法を提<BR>供する。
【解決手段】  本発明は、ミルクＭの添加を要する飲料<BR>ＬＭを生成する飲料ディスペンサにおいて、ミルクパッ<BR>クＭＰ等の貯留部分から取り出した適量のミルクＭに蒸<BR>気を接触させ、加熱した状態でカップＣに注入できるよ<BR>うにした蒸気の供給手法であって、ミルクＭに作用させ<BR>る蒸気は、主にミルクＭを加熱するための加熱用蒸気Ｓ<BR>２と、主にミルクＭを泡立たせるための泡立用蒸気Ｓ３<BR>であり、これらがミルク供給経路３６に対して各々別々<BR>の回路から供給されるものであり、またミルク供給の都<BR>度、加熱用蒸気Ｓ２をミルク供給経路３６に送り込み、<BR>経路を蒸気洗浄するようにしたことを特徴とする。
【選択図】図８
","特開2005-066314","","特許4170234","","","","","https://www.j-platpat.inpit.go.jp/c1800/PU/JP-2005-066314/AC833AA38E489CC9AFB89DC874DA1DF9A444B948DA3CF47F63817B7ADDEB954E/11/ja"
"特開2005-066313","特願2004-013985","2004/01/22","2005/03/17","飲料ディスペンサ用のミルクの供給方法並びにその装置","フジコーン株式会社,ユーシーシー上島珈琲株式会社","A23L2/00@X,A47J31/41,B67D1/10,A47J31/36,110,A47J31/44,410,A23L2/52,A23L2/66","(57)【要約】
【課題】  飲料ディスペンサにおいてミルクの貯留や定<BR>量供給を衛生的に行うことはもちろんのこと、目的の飲<BR>料物の性状等に応じて、高温で且つキメの細かい泡立ミ<BR>ルクを生成できるようにした、新規なミルクの供給手法<BR>を提供する。
【解決手段】  本発明は、ミルクＭの添加を要する飲料<BR>を飲料ディスペンサＡによって生成する際、貯留状態の<BR>ミルクＭをポンプ部６の移送作用によってカップＣ側に<BR>供給する手法であって、ポンプ部６は、弾性変形するチ<BR>ューブ状部材７０を貯留状態のミルクパックＭＰに差し<BR>込んで成り、ミルクＭの移送を行うにあたっては、チュ<BR>ーブ状部材７０の差込端以外の部位において、押し潰し<BR>と弾性による戻りとを繰り返し行わせるとともに、この<BR>ような変形位置を順次供給側へと変移させるようにして<BR>、貯留状態のミルクＭをカップＣ側に供給するようにし<BR>たことを特徴とする。
【選択図】図１
","特開2005-066313","","特許4478467","","","","","https://www.j-platpat.inpit.go.jp/c1800/PU/JP-2005-066313/E878FCD581E0A2F4A04E57FE92C7A382A338E0CFB544313105D9F0C426455718/11/ja"
"実登3106668","実願2004-004081","2004/07/09","2005/01/20","グラインダー付電動ドリップ式コーヒーメーカー","ウァン・ドンレイ","A47J31/057,A47J31/42","(57)【要約】
【課題】  効率的にコーヒーを挽いて抽出するように使<BR>用され、フィルターバスケットの退避の必要性を低減、<BR>または最終的に解消する。
【解決手段】  本考案は、筺体、自動コーヒー粉砕器、<BR>コーヒーバスケット部材、コーヒーを収集するカラフ、<BR>水タンク、水タンク内の冷水を加熱するためのヒーター<BR>、熱湯を前記コーヒーバスケット部材に供給する水供給<BR>チューブを有するグラインダー付電動ドリップ式コーヒ<BR>ーメーカーにおいて、前記粉砕器は、さらに排出口が前<BR>記コーヒーバスケット部材の真上に位置するコーヒー粉<BR>末排出路を含み、分割部材は、前記コーヒー粉末排出路<BR>と前記バスケット部材の間に取り付けられ、前記分割部<BR>材は、前記コーヒーバスケット部材に対して縦軸を中心<BR>に回転させることができることを特徴とする。
【選択図】  図１


","","","実登3106668","","","","","https://www.j-platpat.inpit.go.jp/c1800/PU/JP-3106668/9CCB63BE5D100EB229284FB2AC4123B9A0A55132F8D1ADF8BAE485F5C111B975/25/ja"
"特開2004-174093","特願2002-346108","2002/11/28","2004/06/24","コーヒー飲料製造装置","三洋電機株式会社","A47J31/40,A47J31/44@Z,A47J31/36,110,A47J31/44,410,A47J31/46","(57)【要約】
【課題】構成の簡略化、小型化、及びコストダウン等が<BR>図れると共に、ミルクの補充、交換が容易なミルクフォ<BR>ーマー、及びこれを用いてコーヒーにきめの細かい良質<BR>な泡が得られるコーヒー飲料製造装置を提供する。
【解決手段】コーヒー飲料製造装置に設けられるミルク<BR>フォーマー３０は、コーヒー抽出用の湯タンク１から電<BR>磁ポンプ３２で湯を排出し、これを蒸気ボイラ３３で加<BR>熱して蒸気を発生させ、この蒸気を混合部３５及びノズ<BR>ル３４を備えるミルカーへ供給する。蒸気が混合部３５<BR>を通過するとき、大気中の空気と、ミルク保冷庫３６に<BR>収納されたミルクパック３７内のミルクとを同時に吸引<BR>して混合して泡状にし、ノズル３４から吐出する。ノズ<BR>ル３４からの蒸気処理されたミルクは、カップ内でコー<BR>ヒー抽出機１１からのコーヒーに混合される。
【選択図】        図１
","特開2004-174093","","特許4190266","","","","","https://www.j-platpat.inpit.go.jp/c1800/PU/JP-2004-174093/0E904E67C5BB99CCAA82F329022E47A293111925847D867C98F38B84249F8D37/11/ja"
"特開2004-130042","特願2002-334347","2002/10/14","2004/04/30","コーヒーミル","青木電器工業株式会社","A47J31/42","(57)【要約】
【課題】コーヒーミルを、使い勝手が良好でコンパクト<BR>、挽くときの発熱でコーヒーの風味が損なわれたりする<BR>ことがないものとする。
【解決手段】コーヒーミル装置本体１を二つの部分に分<BR>け、卓上等に載置し得る構造の第１の部分１１と、第１<BR>の部分に支持されてその上方寄りから前方に張り出す状<BR>態の装置本体の第２の部分１２とからなるように構成す<BR>る。そして第１の部分１１は装置全体の後部側、第２の<BR>部分は前部側として配置し、挽かれたコーヒー粉を受け<BR>ドリッパーとしても機能する容器２を装置の前方向また<BR>は左右方向より出し入れセット可とした。これにより、<BR>装置を持ち上げたり、移動したりすることがなく、操作<BR>簡単なコーヒーミルが得られる。豆は回転ウスで挽くの<BR>で回転数は低く、発熱も少ない。容器２はドリッパー兼<BR>用とするので使い勝手がよい。
【選択図】　　図１
","特開2004-130042","","","","","","","https://www.j-platpat.inpit.go.jp/c1800/PU/JP-2004-130042/7B7900C45C1A4E184E14ACB04E1E896DAB3CC7A15839CD3D95BC8D72C7CB3738/11/ja"
"特開2003-265332","特願2002-072362","2002/03/15","2003/09/24","コーヒミル装置","ホシザキ電機株式会社","A47J31/42,A47J31/44@Z,A47J42/44,A47J31/00,307,A47J31/58","(57)【要約】
【課題】  ミルの誤動作を未然に防止する。
【解決手段】  コーヒ抽出機の本体１０の天板４０上に<BR>コーヒ豆を貯留するホッパ１３が設置され、その出口筒<BR>４３が送出用のスクリュ４９を備えたミルの導入筒４８<BR>に嵌合される。ホッパ１３には、出口筒４３を開閉部５<BR>４により開閉するシャッタ５０がガイド溝５５に沿って<BR>摺動可能に設けられる。シャッタ５０が正規の閉鎖位置<BR>に引き出されると、天板４０に立てられた係止ピン６５<BR>の頭部６５ａがシャッタ５０の抜き孔６３と整合するこ<BR>とで、ホッパ１３が天板４０上に着脱できる。ホッパ１<BR>３が設置されたのちシャッタ５０が正規の開放位置に押<BR>し込まれると、シャッタ５０に設けられたマグネット６<BR>７に感応してリードスイッチ６８がオン状態となる。リ<BR>ードスイッチ６８がオンとなるまでは、抽出スイッチが<BR>オン操作されたとしても、ミルやスクリュ４９の駆動が<BR>規制される。
","特開2003-265332","","特許3978055","","","","","https://www.j-platpat.inpit.go.jp/c1800/PU/JP-2003-265332/AF35D1F4A1590FB3C82D4760B8A8C4813F890D1A3769B37BCD43F95F86312C4B/11/ja"
"特開2001-258744","特願2000-078866","2000/03/21","2001/09/25","コーヒーミル装置","三洋電機株式会社","A47J31/42,A47J31/10","(57)【要約】
【課題】  仕切り部材を設けることなく軸受部分への挽<BR>き豆の侵入を防止でき、面倒な保守作業を不用にするこ<BR>とのできるコーヒーミル装置を提供する。
【解決手段】  ミルモータ４の回転に基づいて回転する<BR>羽根車４１を設け、この羽根車４１の回転に基づいて発<BR>生した気流を通気部３０Ｂを介して回転刃ホルダ３５と<BR>本体３０の間の隙間部に流すようにした。
","特開2001-258744","","特許3789717","","","","","https://www.j-platpat.inpit.go.jp/c1800/PU/JP-2001-258744/212AB539A02351E4154379BDADFACFFF320E34D51A187413CBE493712D443D06/11/ja"
"特開2001-198024","特願2000-013757","2000/01/24","2001/07/24","コーヒーミル","象印マホービン株式会社","A47J42/22,A47J42/38,A47J42/56","(57)【要約】
【課題】  収容容器の限界容量を超えてコーヒー豆を入<BR>れることができず、また無理に入れても粉砕することが<BR>できないようにして、常に限界容量以下でのみ使用され<BR>るようにする。
【解決手段】  コーヒー豆を収容する収容容器１２と当<BR>該収容容器１２の上部に嵌合する蓋１３とよりなり、収<BR>容容器１２内でコーヒー豆を粉砕するコーヒーミル１に<BR>おいて、前記蓋１３が前記収容容器１２の上部開口部に<BR>嵌合する短筒部２４を有し、前記収容容器１２の上部開<BR>口部周縁の一部にコーヒー豆２８を載置可能の陥凹部２<BR>５を形成する。
","特開2001-198024","","特許3647704","","","","","https://www.j-platpat.inpit.go.jp/c1800/PU/JP-2001-198024/1B147AA68D9D6F7E6B510DA043A64508FDF3414A78FD5425EDC03F9FE0A9ED5A/11/ja"
